{"cameraMode":{"drawMode":0,"name":"Shaded","section":"Shading Mode"},"sceneLighting":true,"audioPlay":false,"sceneViewState":{"showFog":true,"showMaterialUpdate":false,"showSkybox":true,"showFlares":true,"showImageEffects":true,"showParticleSystems":true},"in2DMode":false,"pivot":{"x":-1.0461483001708985,"y":2.10854434967041,"z":0.48687124252319338},"rotation":{"x":-0.0769738033413887,"y":-0.9174533486366272,"z":0.22371278703212739,"w":-0.3203623592853546},"size":29.77897834777832,"orthographic":false}