{"cameraMode":{"drawMode":0,"name":"Shaded","section":"Shading Mode"},"sceneLighting":true,"audioPlay":false,"sceneViewState":{"showFog":true,"showMaterialUpdate":false,"showSkybox":true,"showFlares":true,"showImageEffects":true,"showParticleSystems":true},"in2DMode":false,"pivot":{"x":-25.231212615966798,"y":21.180404663085939,"z":20.633304595947267},"rotation":{"x":-0.06337623298168183,"y":0.8851523399353027,"z":-0.12578807771205903,"w":-0.4436800479888916},"size":27.379150390625,"orthographic":false}