{"cameraMode":{"drawMode":0,"name":"Shaded","section":"Shading Mode"},"sceneLighting":false,"audioPlay":false,"sceneViewState":{"showFog":true,"showMaterialUpdate":false,"showSkybox":false,"showFlares":true,"showImageEffects":true,"showParticleSystems":true},"in2DMode":false,"pivot":{"x":-0.16693341732025147,"y":1.155434250831604,"z":0.21913814544677735},"rotation":{"x":0.016815872862935067,"y":-0.966576337814331,"z":0.24911580979824067,"w":0.061006512492895129},"size":0.9088127017021179,"orthographic":false}