{"cameraMode":{"drawMode":0,"name":"Shaded","section":"Shading Mode"},"sceneLighting":false,"audioPlay":false,"sceneViewState":{"showFog":true,"showMaterialUpdate":false,"showSkybox":false,"showFlares":true,"showImageEffects":true,"showParticleSystems":true},"in2DMode":false,"pivot":{"x":-2.779519557952881,"y":9.44264030456543,"z":-3.1563262939453127},"rotation":{"x":-0.019583100453019143,"y":0.9809353947639465,"z":-0.13950319588184358,"w":-0.13555236160755158},"size":13.660696029663086,"orthographic":false}