{"cameraMode":{"drawMode":0,"name":"Shaded","section":"Shading Mode"},"sceneLighting":true,"audioPlay":false,"sceneViewState":{"showFog":true,"showMaterialUpdate":false,"showSkybox":true,"showFlares":true,"showImageEffects":true,"showParticleSystems":true},"in2DMode":false,"pivot":{"x":-7.214942932128906,"y":24.938220977783204,"z":15.623096466064454},"rotation":{"x":0.08311592787504196,"y":-0.9169232845306397,"z":0.2958628833293915,"w":0.25533241033554079},"size":11.042899131774903,"orthographic":false}