{"cameraMode":{"drawMode":0,"name":"Shaded","section":"Shading Mode"},"sceneLighting":false,"audioPlay":false,"sceneViewState":{"showFog":true,"showMaterialUpdate":false,"showSkybox":false,"showFlares":true,"showImageEffects":true,"showParticleSystems":true},"in2DMode":false,"pivot":{"x":0.0,"y":6.844849586486816,"z":0.27325868606567385},"rotation":{"x":-0.015604467131197453,"y":0.9847492575645447,"z":-0.11301403492689133,"w":-0.1330755054950714},"size":14.267648696899414,"orthographic":false}