{"cameraMode":{"drawMode":0,"name":"Shaded","section":"Shading Mode"},"sceneLighting":false,"audioPlay":false,"sceneViewState":{"showFog":true,"showMaterialUpdate":false,"showSkybox":false,"showFlares":true,"showImageEffects":true,"showParticleSystems":true},"in2DMode":false,"pivot":{"x":0.0,"y":8.48890495300293,"z":0.27325868606567385},"rotation":{"x":-0.007378838490694761,"y":-0.9867021441459656,"z":0.15404492616653443,"w":-0.054702531546354297},"size":13.007320404052735,"orthographic":false}