{"cameraMode":{"drawMode":0,"name":"Shaded","section":"Shading Mode"},"sceneLighting":true,"audioPlay":false,"sceneViewState":{"showFog":true,"showMaterialUpdate":false,"showSkybox":true,"showFlares":true,"showImageEffects":true,"showParticleSystems":true},"in2DMode":false,"pivot":{"x":-18.55896759033203,"y":-14.842562675476075,"z":20.94162368774414},"rotation":{"x":-0.17773330211639405,"y":0.0468132346868515,"z":-0.007421665359288454,"w":-0.9831025004386902},"size":52.317298889160159,"orthographic":false}